10,0.02552,0.040636,0.036035,0.06837,0.029782,0.066596
10,0.024175,0.0602,0.034233,0.082934,0.0324,0.066458
10,0.025475,0.07679,0.036175,0.087012,0.029747,0.072032
10,0.025397,0.063069,0.035949,0.080697,0.030753,0.058907
10,0.024516,0.052964,0.034643,0.085395,0.029557,0.08604
10,0.024911,0.041316,0.035244,0.054467,0.032483,0.095293
10,0.025496,0.051145,0.036011,0.07667,0.031172,0.066369
10,0.026054,0.047264,0.036825,0.071273,0.03544,0.073456
10,0.025264,0.052415,0.035703,0.078649,0.030019,0.041261
10,0.025567,0.051789,0.036169,0.072347,0.030315,0.071246
10,0.024259,0.039071,0.034195,0.080389,0.03138,0.084732
10,0.025714,0.031042,0.036247,0.068368,0.0313,0.065294
10,0.026411,0.04587,0.037304,0.073747,0.030127,0.051846
10,0.024968,0.059717,0.035252,0.094661,0.03042,0.051425
10,0.025106,0.043513,0.035346,0.086101,0.031694,0.065538
10,0.025199,0.056557,0.035655,0.070439,0.033354,0.062052
10,0.025244,0.083017,0.035724,0.10885,0.03338,0.053452
10,0.024438,0.061914,0.034609,0.081934,0.03157,0.05229
10,0.026384,0.071654,0.037428,0.08261,0.032387,0.06067
10,0.026107,0.061418,0.036876,0.093443,0.029349,0.075725
10,0.024953,0.058142,0.035319,0.07523,0.031415,0.068746
10,0.025327,0.055437,0.035786,0.082823,0.031344,0.050054
10,0.027311,0.05615,0.038614,0.081489,0.032468,0.057452
10,0.026947,0.053169,0.038157,0.067534,0.033695,0.062878
10,0.024264,0.052529,0.034301,0.074615,0.028898,0.057987
10,0.024807,0.060693,0.035101,0.084551,0.031312,0.051686
10,0.023102,0.069535,0.03283,0.065431,0.030119,0.050654
10,0.026523,0.06489,0.037594,0.072585,0.031425,0.062471
10,0.027226,0.056177,0.038576,0.063174,0.031836,0.055013
10,0.026469,0.05249,0.037425,0.077374,0.032537,0.068975
10,0.024402,0.06574,0.034636,0.06814,0.030236,0.071254
10,0.027816,0.059853,0.039446,0.067069,0.033864,0.059194
10,0.023635,0.067561,0.033395,0.10269,0.032743,0.048831
10,0.025767,0.038591,0.036312,0.078277,0.032639,0.061393
10,0.025893,0.077058,0.036773,0.08635,0.029808,0.057786
10,0.024354,0.048107,0.034444,0.066145,0.032935,0.057734
10,0.025754,0.051343,0.036462,0.063204,0.032628,0.063002
10,0.026103,0.054033,0.036812,0.091932,0.031861,0.063709
10,0.026661,0.046367,0.037664,0.073398,0.03524,0.082926
10,0.026456,0.049398,0.037469,0.066339,0.032244,0.05357
10,0.025076,0.074839,0.035436,0.10606,0.033496,0.10408
10,0.025077,0.045003,0.035388,0.078444,0.029513,0.06942
10,0.02513,0.05281,0.035577,0.066478,0.030918,0.092963
10,0.025667,0.066639,0.036296,0.097527,0.033615,0.067555
10,0.025623,0.057948,0.036312,0.0662,0.030079,0.068617
10,0.02559,0.045551,0.036165,0.06851,0.032504,0.069178
10,0.027403,0.047768,0.0387,0.075851,0.032352,0.079289
10,0.025967,0.047735,0.036693,0.074456,0.032841,0.060435
10,0.026702,0.058066,0.037737,0.083626,0.032988,0.079541
10,0.025788,0.061737,0.036536,0.075928,0.03033,0.060146
20,0.026178,0.071681,0.037016,0.10711,0.033472,0.089504
20,0.02692,0.066359,0.037976,0.097436,0.032551,0.11688
20,0.025208,0.073132,0.035757,0.090172,0.031651,0.093446
20,0.028101,0.071457,0.039657,0.10244,0.033873,0.095067
20,0.025408,0.083455,0.036051,0.10653,0.030052,0.088982
20,0.026997,0.082072,0.038308,0.10191,0.03308,0.080733
20,0.0286,0.061872,0.04021,0.11214,0.035924,0.094331
20,0.028372,0.085638,0.040224,0.10844,0.036369,0.085965
20,0.026373,0.071905,0.037121,0.12461,0.031024,0.09323
20,0.024619,0.10578,0.035018,0.12399,0.031099,0.098022
20,0.02583,0.055886,0.036364,0.10202,0.032358,0.08748
20,0.025212,0.076722,0.035785,0.09268,0.031439,0.073809
20,0.027529,0.074828,0.039016,0.1001,0.034185,0.11548
20,0.026418,0.066079,0.037247,0.1092,0.032657,0.081012
20,0.027121,0.087888,0.038526,0.097088,0.030564,0.078714
20,0.027355,0.084333,0.038788,0.10479,0.034923,0.10725
20,0.026758,0.07334,0.037715,0.1174,0.032766,0.06929
20,0.028295,0.051189,0.039979,0.081223,0.03381,0.076254
20,0.026619,0.087089,0.03771,0.11877,0.033013,0.096473
20,0.025573,0.085373,0.036303,0.10267,0.031449,0.072115
20,0.027938,0.1027,0.039621,0.12902,0.03597,0.10118
20,0.024676,0.081791,0.035,0.09861,0.030299,0.099796
20,0.025823,0.072409,0.036442,0.1107,0.031866,0.092461
20,0.025199,0.089953,0.035767,0.10727,0.030842,0.099329
20,0.026267,0.075043,0.03721,0.099829,0.031878,0.080687
20,0.025903,0.088736,0.036547,0.13515,0.030656,0.0783
20,0.027135,0.065971,0.038317,0.10089,0.032946,0.08881
20,0.026973,0.060809,0.038124,0.082084,0.033811,0.10098
20,0.026922,0.075951,0.038145,0.094186,0.034317,0.097524
20,0.026738,0.07549,0.037798,0.10408,0.032971,0.1056
20,0.027603,0.085006,0.039194,0.094112,0.033407,0.10387
20,0.025576,0.075674,0.036121,0.1102,0.030844,0.093459
20,0.028086,0.083513,0.039598,0.11601,0.034921,0.094585
20,0.026868,0.0716,0.037851,0.11911,0.033153,0.085886
20,0.028347,0.073488,0.04016,0.096319,0.036195,0.094799
20,0.026396,0.079628,0.037147,0.13007,0.035705,0.12025
20,0.024473,0.067914,0.034491,0.11115,0.034726,0.10735
20,0.027416,0.084577,0.038474,0.14905,0.030147,0.079972
20,0.027537,0.074861,0.038991,0.096996,0.035906,0.090756
20,0.026186,0.061168,0.037053,0.088668,0.030545,0.090077
20,0.026436,0.073255,0.03732,0.10525,0.034615,0.11739
20,0.025714,0.090912,0.036432,0.11978,0.03131,0.096945
20,0.025876,0.080629,0.036635,0.10697,0.03148,0.094888
20,0.027576,0.08829,0.039334,0.080516,0.03539,0.10105
20,0.028045,0.064933,0.039565,0.09802,0.034182,0.086261
20,0.024908,0.081623,0.035158,0.10664,0.030119,0.09281
20,0.026866,0.089438,0.038194,0.098589,0.030395,0.0837
20,0.026524,0.10737,0.03768,0.13359,0.03361,0.095007
20,0.027514,0.077914,0.039027,0.090327,0.036035,0.080794
20,0.027484,0.063722,0.038781,0.099462,0.031532,0.093504
30,0.027932,0.093965,0.039774,0.091947,0.035306,0.1165
30,0.027437,0.097477,0.039092,0.096944,0.034526,0.12555
30,0.028068,0.087838,0.039854,0.1028,0.032688,0.11729
30,0.026026,0.085406,0.036876,0.11097,0.03423,0.11347
30,0.027068,0.095241,0.038423,0.10884,0.036096,0.12869
30,0.027074,0.093225,0.03844,0.11826,0.032363,0.075186
30,0.026303,0.091748,0.037064,0.14163,0.030803,0.10292
30,0.025968,0.10474,0.036834,0.13172,0.031672,0.092986
30,0.026208,0.094725,0.03703,0.12723,0.032903,0.09748
30,0.026229,0.098342,0.037219,0.11873,0.034089,0.11939
30,0.027436,0.095892,0.038876,0.12991,0.032109,0.12098
30,0.026008,0.080773,0.036606,0.13492,0.032344,0.1167
30,0.027112,0.091882,0.038409,0.12276,0.034278,0.10452
30,0.026955,0.086479,0.038073,0.12997,0.03347,0.095094
30,0.029458,0.081841,0.041686,0.11644,0.032948,0.10329
30,0.028576,0.070915,0.040136,0.13517,0.031805,0.11989
30,0.025652,0.09267,0.0365,0.098208,0.034892,0.098547
30,0.026308,0.074542,0.03719,0.10728,0.028854,0.1064
30,0.028383,0.091365,0.040133,0.12237,0.031343,0.11753
30,0.027437,0.10938,0.03878,0.1559,0.033343,0.10853
30,0.026024,0.090708,0.036705,0.12968,0.03553,0.11697
30,0.028809,0.085176,0.040693,0.1289,0.035231,0.11171
30,0.026703,0.083272,0.037672,0.12538,0.03185,0.10282
30,0.026372,0.10982,0.037294,0.14738,0.03325,0.10383
30,0.026816,0.094634,0.037948,0.13449,0.030776,0.095854
30,0.027528,0.098467,0.038999,0.12859,0.030361,0.082814
30,0.030218,0.075166,0.042561,0.11675,0.036636,0.1053
30,0.024347,0.068301,0.034239,0.12399,0.031186,0.12044
30,0.027183,0.091062,0.038508,0.12304,0.032822,0.10403
30,0.02722,0.10107,0.038174,0.16713,0.031295,0.087374
30,0.027236,0.093174,0.03845,0.12517,0.033473,0.10828
30,0.028344,0.092803,0.040029,0.12996,0.03302,0.14062
30,0.026617,0.12396,0.038099,0.134,0.032748,0.11703
30,0.027309,0.091592,0.038517,0.1398,0.03204,0.11525
30,0.02507,0.089336,0.035376,0.13761,0.033374,0.13118
30,0.026296,0.08811,0.037111,0.12542,0.032956,0.12665
30,0.024599,0.10759,0.034778,0.14533,0.032245,0.10624
30,0.025778,0.088662,0.036385,0.13006,0.035406,0.091456
30,0.025601,0.077658,0.036047,0.12062,0.030244,0.11901
30,0.025445,0.11471,0.035987,0.16157,0.031609,0.11988
30,0.027695,0.11646,0.039438,0.13891,0.033794,0.10932
30,0.026868,0.11222,0.037978,0.16182,0.033316,0.11915
30,0.026653,0.073793,0.037605,0.11883,0.033289,0.10728
30,0.026666,0.10305,0.037779,0.1359,0.031815,0.11836
30,0.025327,0.096524,0.035544,0.1529,0.033755,0.13134
30,0.026044,0.097315,0.036672,0.14991,0.031359,0.11578
30,0.027847,0.083982,0.039453,0.11043,0.033324,0.12187
30,0.02752,0.082305,0.038871,0.11733,0.030734,0.10986
30,0.027362,0.095655,0.038418,0.15317,0.034641,0.10879
30,0.029339,0.098543,0.041541,0.1315,0.035203,0.091102
40,0.028937,0.11087,0.040812,0.15125,0.034298,0.1349
40,0.027795,0.086078,0.039178,0.12736,0.037184,0.14357
40,0.026948,0.10781,0.037831,0.16746,0.033749,0.15166
40,0.030366,0.096845,0.042893,0.13769,0.034223,0.15151
40,0.026916,0.093425,0.038147,0.12145,0.034293,0.11191
40,0.028205,0.10895,0.040075,0.13316,0.036745,0.14787
40,0.025899,0.11964,0.036882,0.13725,0.036323,0.1546
40,0.027718,0.10134,0.039237,0.12825,0.034102,0.12873
40,0.028437,0.11089,0.040501,0.12513,0.033492,0.11556
40,0.028908,0.12982,0.040799,0.1759,0.032938,0.15362
40,0.026842,0.12723,0.038274,0.1526,0.037403,0.11257
40,0.027922,0.098347,0.039538,0.13017,0.034991,0.14238
40,0.028795,0.10877,0.040732,0.14316,0.03325,0.10472
40,0.027543,0.13792,0.039184,0.16945,0.034462,0.16246
40,0.025493,0.13715,0.036349,0.1594,0.031288,0.15354
40,0.02608,0.11803,0.037005,0.15414,0.032925,0.13038
40,0.026311,0.11944,0.037246,0.14856,0.030994,0.14899
40,0.029784,0.087771,0.041856,0.14328,0.030533,0.11193
40,0.028971,0.12707,0.041021,0.1691,0.035729,0.14108
40,0.02692,0.11679,0.038492,0.12281,0.030412,0.12946
40,0.028976,0.12479,0.040763,0.18225,0.036343,0.12234
40,0.027505,0.10937,0.039115,0.12972,0.034925,0.11231
40,0.028067,0.12445,0.039852,0.15434,0.036243,0.14774
40,0.027373,0.11266,0.038463,0.17727,0.034988,0.13305
40,0.027061,0.11042,0.0383,0.15408,0.032562,0.12687
40,0.025588,0.11307,0.036255,0.14938,0.030939,0.13468
40,0.029806,0.12661,0.042487,0.14503,0.034831,0.12678
40,0.027172,0.099799,0.038586,0.12075,0.033068,0.1264
40,0.029551,0.10998,0.041733,0.14542,0.039618,0.11586
40,0.029302,0.1008,0.041274,0.14897,0.033888,0.11222
40,0.028451,0.11061,0.040288,0.14903,0.035837,0.10779
40,0.026602,0.10886,0.037848,0.12846,0.033199,0.13173
40,0.027716,0.096911,0.039242,0.12762,0.033379,0.1098
40,0.028155,0.12065,0.039878,0.16933,0.036908,0.10514
40,0.027795,0.11354,0.039368,0.15008,0.038795,0.10466
40,0.026446,0.10936,0.037601,0.12852,0.032803,0.14494
40,0.029608,0.11493,0.042036,0.14121,0.035232,0.11945
40,0.025801,0.099805,0.03638,0.14419,0.035212,0.13518
40,0.026309,0.088999,0.037081,0.1399,0.031069,0.12629
40,0.027217,0.10523,0.038495,0.14529,0.030787,0.11597
40,0.025539,0.094042,0.035902,0.14867,0.032055,0.12354
40,0.027783,0.12086,0.039153,0.17692,0.03279,0.13163
40,0.028029,0.12431,0.039581,0.1761,0.032571,0.13094
40,0.030181,0.10778,0.042892,0.12902,0.037325,0.12504
40,0.02757,0.10676,0.039126,0.13669,0.034275,0.14206
40,0.027326,0.066673,0.038495,0.11369,0.036136,0.12506
40,0.026888,0.085727,0.038085,0.11903,0.029706,0.12685
40,0.024983,0.12112,0.035685,0.13367,0.031941,0.14886
40,0.028199,0.15865,0.040006,0.21071,0.032951,0.12727
40,0.026782,0.10388,0.037811,0.14779,0.032374,0.12033
50,0.029158,0.12298,0.041381,0.14804,0.037455,0.1579
50,0.030389,0.14091,0.043189,0.18018,0.034779,0.13757
50,0.030606,0.12573,0.043365,0.16436,0.043952,0.17991
50,0.027502,0.12568,0.039126,0.15051,0.032207,0.15893
50,0.029474,0.12368,0.041885,0.15252,0.038262,0.13977
50,0.029981,0.11848,0.042444,0.15905,0.034134,0.11212
50,0.030612,0.10339,0.043213,0.15711,0.033225,0.14762
50,0.028311,0.11726,0.040137,0.1413,0.034531,0.13914
50,0.029336,0.11831,0.04139,0.15599,0.034129,0.11274
50,0.029294,0.12993,0.041543,0.17115,0.037604,0.16734
50,0.027311,0.13589,0.038873,0.17059,0.033702,0.15973
50,0.027102,0.094292,0.03835,0.13654,0.036172,0.14567
50,0.028316,0.13287,0.039893,0.19554,0.03712,0.13333
50,0.025811,0.14592,0.036629,0.19248,0.032846,0.13048
50,0.028179,0.12137,0.040058,0.15773,0.03354,0.13655
50,0.028679,0.11934,0.040488,0.16753,0.036577,0.14956
50,0.027915,0.1326,0.039591,0.16836,0.034951,0.14866
50,0.028644,0.13073,0.040559,0.17224,0.038276,0.16628
50,0.028934,0.1132,0.040755,0.15998,0.0328,0.13567
50,0.027776,0.11434,0.039496,0.13898,0.034232,0.16913
50,0.027964,0.13319,0.039477,0.19252,0.035016,0.13003
50,0.031591,0.11473,0.044768,0.1609,0.035172,0.14243
50,0.027311,0.13516,0.038944,0.15977,0.034093,0.14386
50,0.029904,0.13187,0.041762,0.20899,0.034651,0.17847
50,0.027944,0.12821,0.039872,0.1382,0.03478,0.15496
50,0.028519,0.13276,0.040315,0.18281,0.038702,0.18893
50,0.028092,0.12478,0.039332,0.19238,0.035147,0.14872
50,0.027534,0.11451,0.03881,0.174,0.037266,0.14076
50,0.02852,0.12595,0.040328,0.16592,0.036,0.14397
50,0.027979,0.13522,0.039434,0.19976,0.035776,0.13534
50,0.028249,0.13053,0.040041,0.16555,0.037352,0.14469
50,0.029634,0.096973,0.041715,0.15709,0.036974,0.14243
50,0.029689,0.11692,0.042169,0.14428,0.032421,0.16214
50,0.028395,0.1348,0.040198,0.17058,0.034202,0.16811
50,0.027119,0.14874,0.038595,0.17147,0.036135,0.15766
50,0.029479,0.12097,0.041475,0.17881,0.03734,0.16373
50,0.028294,0.10212,0.039961,0.1384,0.029178,0.12757
50,0.027546,0.13787,0.039162,0.18184,0.030365,0.12632
50,0.027603,0.12352,0.038825,0.17757,0.032535,0.12719
50,0.027507,0.096331,0.038645,0.15822,0.036222,0.13214
50,0.030048,0.11378,0.042244,0.18363,0.038939,0.13668
50,0.028027,0.11854,0.039415,0.16935,0.03695,0.15503
50,0.027281,0.11428,0.038657,0.13967,0.036348,0.1368
50,0.029465,0.14062,0.041874,0.18312,0.034964,0.15055
50,0.030975,0.10786,0.043818,0.14296,0.036787,0.16169
50,0.029441,0.14189,0.04152,0.19974,0.040903,0.12583
50,0.029609,0.12092,0.041786,0.17227,0.035822,0.137
50,0.027577,0.11168,0.038726,0.17876,0.035038,0.13831
50,0.026364,0.13134,0.03717,0.17868,0.032184,0.14994
50,0.029999,0.10599,0.042454,0.15507,0.035269,0.12655
60,0.02987,0.14585,0.042202,0.19449,0.034989,0.15776
60,0.030031,0.13597,0.042475,0.1808,0.032823,0.18632
60,0.029729,0.13156,0.041716,0.1928,0.03486,0.126
60,0.028846,0.13167,0.040777,0.18217,0.036066,0.14925
60,0.029298,0.14753,0.041796,0.18017,0.03674,0.16999
60,0.029653,0.12105,0.041461,0.18685,0.034401,0.17076
60,0.027802,0.12841,0.039203,0.1837,0.039286,0.16118
60,0.030082,0.11232,0.042535,0.15041,0.039124,0.17762
60,0.028522,0.12125,0.040599,0.14547,0.033024,0.13421
60,0.026646,0.13152,0.03791,0.16458,0.031816,0.13935
60,0.026957,0.13011,0.03794,0.18109,0.034876,0.1507
60,0.029758,0.13862,0.042108,0.18775,0.036934,0.16778
60,0.030874,0.12954,0.043498,0.18962,0.035303,0.17267
60,0.026977,0.10006,0.037933,0.16113,0.033974,0.16628
60,0.030438,0.13526,0.043162,0.16893,0.03554,0.19685
60,0.028206,0.12518,0.039557,0.19456,0.035073,0.16538
60,0.026968,0.11599,0.038073,0.16813,0.031153,0.12483
60,0.027139,0.14368,0.038334,0.20307,0.032961,0.16142
60,0.030748,0.14119,0.043622,0.17796,0.037612,0.16455
60,0.029204,0.151,0.041594,0.18175,0.031939,0.14367
60,0.029413,0.13925,0.041927,0.17426,0.036661,0.15495
60,0.028743,0.13907,0.040633,0.18878,0.039566,0.13626
60,0.028985,0.14225,0.040767,0.20764,0.034894,0.14639
60,0.029784,0.13761,0.042395,0.16803,0.040466,0.16573
60,0.029904,0.12555,0.042221,0.163,0.034715,0.16003
60,0.031745,0.12819,0.044271,0.20103,0.035145,0.16303
60,0.029564,0.14288,0.04182,0.18346,0.036178,0.16172
60,0.030894,0.14562,0.04396,0.17184,0.036569,0.15283
60,0.031431,0.13225,0.044586,0.16191,0.035424,0.16042
60,0.029912,0.12404,0.042298,0.17689,0.038681,0.17654
60,0.028164,0.14354,0.039745,0.1939,0.032719,0.17366
60,0.028151,0.1601,0.039959,0.21801,0.033458,0.17951
60,0.031307,0.12303,0.04441,0.16215,0.032885,0.14032
60,0.030702,0.13723,0.043398,0.18467,0.037416,0.13117
60,0.031806,0.15833,0.044939,0.20373,0.038198,0.15471
60,0.029369,0.14471,0.041503,0.19111,0.038455,0.13215
60,0.029426,0.1397,0.041888,0.15767,0.035473,0.16981
60,0.032616,0.13397,0.045959,0.2035,0.038897,0.16835
60,0.027331,0.1309,0.038853,0.16564,0.036448,0.16572
60,0.027763,0.11063,0.039164,0.15903,0.030995,0.14738
60,0.02835,0.12845,0.040201,0.16382,0.038317,0.14332
60,0.029351,0.13002,0.041685,0.1671,0.035963,0.18133
60,0.030817,0.14382,0.043441,0.20955,0.035607,0.16354
60,0.028929,0.12761,0.04096,0.17924,0.035913,0.16711
60,0.028199,0.10754,0.03955,0.16684,0.037782,0.14512
60,0.030041,0.15038,0.042693,0.19883,0.037022,0.13114
60,0.029739,0.13946,0.042541,0.15079,0.03531,0.16525
60,0.028886,0.17348,0.041531,0.19808,0.037285,0.15963
60,0.031211,0.1374,0.044425,0.17142,0.03607,0.174
60,0.026873,0.12859,0.038203,0.1647,0.035656,0.18168
70,0.029961,0.15659,0.042468,0.21058,0.033573,0.16103
70,0.029861,0.17281,0.042384,0.22585,0.034997,0.17492
70,0.028617,0.1362,0.040232,0.19823,0.03576,0.16638
70,0.030742,0.14714,0.043648,0.18108,0.035777,0.15455
70,0.030337,0.15626,0.042639,0.22977,0.036895,0.19247
70,0.030602,0.15132,0.043098,0.21049,0.036324,0.13748
70,0.0294,0.1501,0.041597,0.19915,0.034701,0.14701
70,0.028814,0.14336,0.040743,0.19167,0.036532,0.18925
70,0.032746,0.12927,0.04617,0.18832,0.039675,0.17521
70,0.027871,0.15363,0.039806,0.18954,0.037681,0.15802
70,0.028617,0.14658,0.040396,0.19306,0.039066,0.17721
70,0.027895,0.17226,0.03984,0.2156,0.038527,0.21222
70,0.029472,0.16614,0.041924,0.20842,0.037595,0.15779
70,0.029878,0.16068,0.042684,0.18376,0.03596,0.16828
70,0.030606,0.15192,0.04333,0.19737,0.034398,0.16439
70,0.02919,0.12184,0.040937,0.18694,0.040186,0.16586
70,0.029682,0.15536,0.042106,0.21318,0.037326,0.20372
70,0.030309,0.12098,0.042929,0.15443,0.038006,0.17271
70,0.031543,0.15457,0.044938,0.19338,0.035148,0.17671
70,0.031252,0.15795,0.044451,0.19457,0.03727,0.14703
70,0.031591,0.14276,0.044695,0.19422,0.036756,0.17058
70,0.033938,0.15855,0.047748,0.22912,0.041572,0.18251
70,0.028458,0.15008,0.040171,0.21735,0.032631,0.1735
70,0.030048,0.17209,0.042722,0.21182,0.03818,0.19724
70,0.032173,0.13315,0.045659,0.17356,0.040809,0.18971
70,0.03173,0.16321,0.045202,0.21256,0.036874,0.15667
70,0.029042,0.17158,0.041398,0.21792,0.034759,0.14826
70,0.028321,0.15617,0.04012,0.21928,0.037715,0.17018
70,0.031882,0.14042,0.045354,0.18039,0.035809,0.17166
70,0.03063,0.13979,0.043453,0.1834,0.041236,0.173
70,0.031228,0.13685,0.04421,0.17762,0.038274,0.17821
70,0.031036,0.14731,0.043786,0.19629,0.040194,0.16167
70,0.028574,0.16742,0.040339,0.21711,0.037625,0.17404
70,0.03316,0.13652,0.046962,0.17565,0.035648,0.22572
70,0.030515,0.13239,0.043045,0.18129,0.035266,0.1643
70,0.027099,0.14749,0.038497,0.17642,0.036654,0.18658
70,0.029118,0.14458,0.041224,0.19046,0.034607,0.20104
70,0.031156,0.14837,0.044095,0.19652,0.037705,0.17294
70,0.030037,0.1208,0.041845,0.19523,0.040328,0.18894
70,0.030772,0.13022,0.042953,0.21241,0.035327,0.17423
70,0.030209,0.16726,0.042535,0.22407,0.037383,0.15926
70,0.029256,0.16274,0.04172,0.2011,0.035265,0.18808
70,0.029831,0.13259,0.042014,0.19452,0.035684,0.20195
70,0.028999,0.14999,0.041103,0.19427,0.037784,0.19702
70,0.029996,0.16101,0.042811,0.18904,0.037592,0.17911
70,0.029225,0.16399,0.041438,0.21869,0.034373,0.181
70,0.030128,0.15199,0.042475,0.20605,0.038265,0.18376
70,0.029528,0.15377,0.042137,0.18061,0.0384,0.17689
70,0.032379,0.12269,0.045481,0.18404,0.038646,0.14116
70,0.03017,0.13649,0.042643,0.17038,0.03878,0.18565
80,0.02972,0.14544,0.042049,0.20028,0.036372,0.20289
80,0.030272,0.15151,0.042978,0.19831,0.039771,0.16026
80,0.027974,0.15656,0.039259,0.21461,0.035103,0.16562
80,0.032605,0.13636,0.045831,0.19555,0.037021,0.19123
80,0.031747,0.16737,0.044785,0.22455,0.037607,0.17822
80,0.030649,0.16575,0.043539,0.20234,0.045884,0.18076
80,0.032568,0.1898,0.046418,0.22057,0.038419,0.22176
80,0.03048,0.16971,0.043078,0.22222,0.037982,0.18886
80,0.030312,0.15346,0.042875,0.19331,0.033697,0.22663
80,0.032651,0.16701,0.046189,0.22127,0.037329,0.15797
80,0.034573,0.14733,0.048615,0.2078,0.04075,0.20022
80,0.030756,0.14262,0.043378,0.20367,0.03633,0.16867
80,0.031604,0.15804,0.044675,0.21814,0.035189,0.2036
80,0.033243,0.15685,0.04692,0.21119,0.03986,0.20567
80,0.032777,0.1502,0.04606,0.21263,0.039486,0.16722
80,0.033692,0.15236,0.047523,0.2096,0.039199,0.18657
80,0.032821,0.1675,0.046455,0.22884,0.038045,0.17522
80,0.033516,0.13346,0.047204,0.19484,0.042561,0.17194
80,0.030335,0.17728,0.043077,0.23923,0.036652,0.20777
80,0.032451,0.16141,0.045497,0.23488,0.036117,0.17568
80,0.031254,0.14411,0.043594,0.21475,0.041375,0.17664
80,0.035965,0.15288,0.050843,0.21268,0.042397,0.16257
80,0.028992,0.17016,0.040996,0.2357,0.035775,0.18867
80,0.029885,0.16113,0.041568,0.24807,0.037582,0.16383
80,0.029355,0.1661,0.041628,0.21608,0.037198,0.17839
80,0.032823,0.17148,0.046815,0.20944,0.03812,0.19933
80,0.030293,0.17161,0.042758,0.23986,0.034502,0.20143
80,0.032184,0.16306,0.045025,0.23286,0.039095,0.17158
80,0.028235,0.15805,0.040002,0.20434,0.035638,0.22142
80,0.029083,0.15472,0.040965,0.21701,0.038476,0.18877
80,0.030018,0.17026,0.043045,0.18987,0.033933,0.20807
80,0.029936,0.15049,0.042754,0.16935,0.038613,0.2194
80,0.030781,0.13658,0.043126,0.20284,0.036259,0.16578
80,0.030507,0.16091,0.043199,0.21776,0.035455,0.19595
80,0.032533,0.1524,0.04566,0.21048,0.039975,0.18282
80,0.032705,0.16352,0.046833,0.19317,0.037943,0.18885
80,0.031657,0.13391,0.044703,0.19667,0.036884,0.17208
80,0.031974,0.15202,0.045261,0.19241,0.036409,0.20004
80,0.033862,0.15353,0.04744,0.22683,0.042241,0.17811
80,0.029277,0.16661,0.041608,0.19907,0.03826,0.17166
80,0.032186,0.16661,0.046124,0.19375,0.038285,0.20423
80,0.032824,0.16213,0.046157,0.22709,0.037795,0.18108
80,0.034065,0.15497,0.048468,0.18757,0.037069,0.19856
80,0.031231,0.14596,0.044003,0.21447,0.037658,0.17833
80,0.029652,0.15108,0.042521,0.15108,0.037924,0.19796
80,0.032347,0.1773,0.045776,0.23024,0.038528,0.17357
80,0.029902,0.15784,0.042102,0.21995,0.039331,0.2086
80,0.032583,0.15524,0.045714,0.22481,0.03607,0.19745
80,0.032179,0.15075,0.045603,0.20743,0.041139,0.19936
80,0.03084,0.13612,0.043422,0.19039,0.035309,0.23359
90,0.031696,0.19485,0.045003,0.24208,0.042095,0.21945
90,0.033157,0.18673,0.046994,0.23974,0.041385,0.20431
90,0.032031,0.17094,0.045769,0.1961,0.037981,0.19664
90,0.031535,0.15791,0.044188,0.21765,0.043087,0.17574
90,0.033334,0.16483,0.046677,0.24642,0.040903,0.22251
90,0.031267,0.12998,0.043905,0.19694,0.039819,0.20802
90,0.031431,0.17385,0.044799,0.20771,0.040261,0.18555
90,0.03278,0.1584,0.045925,0.21876,0.037187,0.20214
90,0.029812,0.15826,0.041876,0.21966,0.0361,0.17432
90,0.029592,0.17305,0.041817,0.22856,0.03641,0.17911
90,0.032696,0.16922,0.046058,0.23232,0.037382,0.19744
90,0.031974,0.1809,0.045511,0.21739,0.041587,0.17302
90,0.030034,0.15709,0.04248,0.19943,0.038299,0.2109
90,0.032565,0.15343,0.04621,0.19304,0.04125,0.18617
90,0.037084,0.17742,0.052248,0.22595,0.044873,0.22246
90,0.03165,0.15347,0.044873,0.20589,0.042019,0.2074
90,0.03264,0.17269,0.045859,0.23487,0.037801,0.20842
90,0.033615,0.1614,0.04765,0.2149,0.041985,0.1737
90,0.029421,0.17038,0.041385,0.23778,0.036163,0.19553
90,0.030695,0.16209,0.043797,0.19793,0.03624,0.17357
90,0.032985,0.17499,0.046746,0.23213,0.042289,0.20648
90,0.03339,0.16041,0.047144,0.21401,0.036047,0.23332
90,0.03038,0.17489,0.043387,0.21115,0.037537,0.19616
90,0.032018,0.16724,0.046148,0.17562,0.041788,0.20383
90,0.030587,0.18514,0.043547,0.23223,0.035796,0.21949
90,0.030194,0.16668,0.042462,0.23768,0.036354,0.16522
90,0.033461,0.16257,0.047036,0.22382,0.042257,0.18787
90,0.033282,0.18001,0.047057,0.224,0.039013,0.20307
90,0.029451,0.16576,0.041816,0.20376,0.032949,0.22493
90,0.032989,0.13936,0.04658,0.20419,0.041252,0.20003
90,0.030167,0.16035,0.042508,0.20334,0.03826,0.20299
90,0.030299,0.20317,0.043325,0.24016,0.040289,0.2005
90,0.036293,0.1731,0.050588,0.24822,0.038937,0.21655
90,0.029983,0.15601,0.042291,0.20767,0.036499,0.19369
90,0.035101,0.17612,0.04994,0.21177,0.040499,0.2002
90,0.033524,0.16521,0.047514,0.2057,0.038389,0.2151
90,0.031849,0.18166,0.044586,0.26346,0.037677,0.16404
90,0.032299,0.16351,0.045153,0.24201,0.039753,0.20593
90,0.033633,0.14446,0.047545,0.19634,0.039875,0.23681
90,0.034331,0.17716,0.048761,0.22417,0.039123,0.21002
90,0.030955,0.16125,0.043474,0.22316,0.035882,0.19935
90,0.031693,0.17197,0.045167,0.20211,0.038105,0.23306
90,0.034823,0.1592,0.048604,0.23934,0.044044,0.1839
90,0.030457,0.16911,0.043266,0.19331,0.041884,0.24247
90,0.030412,0.18469,0.042881,0.23874,0.034877,0.18499
90,0.031743,0.15437,0.044379,0.2373,0.036426,0.19814
90,0.033268,0.18057,0.047268,0.23684,0.040279,0.19636
90,0.0323,0.1809,0.046036,0.22605,0.04092,0.18052
90,0.031934,0.19583,0.045418,0.23916,0.040029,0.20143
90,0.033534,0.15858,0.047247,0.21049,0.039522,0.18995
100,0.031802,0.1935,0.045093,0.25123,0.043319,0.22453
100,0.030947,0.17379,0.043695,0.22843,0.039837,0.25067
100,0.031457,0.17406,0.044304,0.23469,0.036836,0.15356
100,0.031026,0.15451,0.043491,0.2345,0.041081,0.22337
100,0.033285,0.19427,0.046896,0.26067,0.038778,0.20279
100,0.033039,0.17723,0.046687,0.24183,0.04166,0.21061
100,0.03457,0.16139,0.04808,0.24879,0.037157,0.18123
100,0.02972,0.16245,0.041619,0.24163,0.035513,0.20757
100,0.033764,0.17345,0.047712,0.21934,0.040632,0.1872
100,0.032835,0.16608,0.046095,0.22631,0.04147,0.21084
100,0.032629,0.18321,0.046275,0.24145,0.042114,0.23369
100,0.031589,0.17451,0.044602,0.24219,0.039514,0.24517
100,0.033524,0.21383,0.047791,0.23856,0.039125,0.20265
100,0.033537,0.18883,0.047045,0.2555,0.03985,0.18532
100,0.033493,0.1556,0.047664,0.19134,0.042414,0.24999
100,0.034005,0.17327,0.048166,0.22762,0.039553,0.18735
100,0.032446,0.1778,0.045876,0.21492,0.039286,0.27458
100,0.032609,0.20811,0.046077,0.26771,0.035823,0.21795
100,0.032283,0.20027,0.04558,0.24924,0.037598,0.22298
100,0.030199,0.17466,0.042703,0.22773,0.035613,0.21704
100,0.03452,0.17867,0.048481,0.23959,0.045042,0.19931
100,0.034614,0.18108,0.049053,0.22974,0.040324,0.20622
100,0.036103,0.1886,0.052222,0.21523,0.049657,0.24311
100,0.034673,0.17006,0.048042,0.2581,0.03887,0.21028
100,0.034468,0.18488,0.048798,0.23819,0.04117,0.20408
100,0.034094,0.16405,0.048336,0.20635,0.0412,0.24179
100,0.031889,0.18396,0.045085,0.24453,0.03781,0.22028
100,0.032078,0.17143,0.045542,0.22601,0.041244,0.23308
100,0.03294,0.17485,0.046332,0.2468,0.040301,0.20239
100,0.030965,0.19647,0.043514,0.26401,0.037707,0.20933
100,0.03546,0.14566,0.050166,0.19459,0.04122,0.21213
100,0.035174,0.18831,0.049487,0.24796,0.044177,0.177
100,0.035496,0.17467,0.049856,0.2527,0.042594,0.18929
100,0.031881,0.21072,0.046019,0.23782,0.039458,0.24016
100,0.033243,0.17371,0.047211,0.21772,0.036998,0.21831
100,0.031004,0.19024,0.043993,0.2343,0.038349,0.22788
100,0.034576,0.17169,0.04838,0.24382,0.039247,0.21211
100,0.03466,0.18319,0.049485,0.22123,0.042039,0.22199
100,0.034947,0.17986,0.049273,0.2322,0.041489,0.22371
100,0.034527,0.19556,0.048937,0.23017,0.039372,0.18802
100,0.037532,0.1845,0.053349,0.22599,0.043723,0.19599
100,0.032805,0.14912,0.046403,0.20391,0.038339,0.195
100,0.035876,0.17628,0.049892,0.26182,0.039973,0.19649
100,0.035256,0.18744,0.04964,0.24551,0.042952,0.21987
100,0.032942,0.17694,0.04658,0.22153,0.040307,0.2341
100,0.033918,0.1798,0.048426,0.21561,0.042775,0.23654
100,0.032493,0.18664,0.046385,0.2157,0.042532,0.22044
100,0.03132,0.20277,0.044052,0.26232,0.038037,0.17685
100,0.031974,0.17471,0.04514,0.22866,0.040387,0.23428
100,0.031031,0.15563,0.043549,0.22286,0.039971,0.20307
110,0.034673,0.17068,0.048967,0.22972,0.041351,0.23794
110,0.038137,0.17906,0.054024,0.2209,0.050609,0.237
110,0.03287,0.19132,0.046422,0.26568,0.037685,0.20187
110,0.037982,0.17981,0.053496,0.23183,0.046881,0.2196
110,0.033379,0.17482,0.046957,0.24628,0.042683,0.24236
110,0.034516,0.18294,0.048871,0.23977,0.042171,0.2412
110,0.029457,0.15941,0.040866,0.2577,0.041623,0.20488
110,0.034581,0.15531,0.048259,0.23063,0.044289,0.20854
110,0.033409,0.19158,0.047002,0.2564,0.043686,0.22114
110,0.033919,0.18017,0.04813,0.22867,0.038403,0.21271
110,0.036278,0.18874,0.050863,0.27019,0.047388,0.23308
110,0.034213,0.18435,0.048454,0.23715,0.043378,0.24367
110,0.036453,0.20785,0.051691,0.26862,0.048592,0.2053
110,0.032329,0.17284,0.044908,0.25841,0.043444,0.2015
110,0.033722,0.19104,0.048041,0.24191,0.041491,0.21602
110,0.031483,0.19061,0.044116,0.24634,0.041605,0.22927
110,0.035883,0.21506,0.050391,0.27651,0.039742,0.24575
110,0.033917,0.1853,0.048,0.23877,0.040263,0.20495
110,0.03308,0.21362,0.046979,0.26534,0.045939,0.24065
110,0.036852,0.21628,0.051911,0.29052,0.043407,0.23862
110,0.036036,0.20659,0.050828,0.27492,0.040933,0.22287
110,0.036539,0.18122,0.051429,0.23911,0.040841,0.22624
110,0.035649,0.16913,0.049695,0.25588,0.044014,0.22024
110,0.034432,0.18293,0.048462,0.25059,0.041995,0.19601
110,0.034805,0.20325,0.049518,0.23998,0.044128,0.22411
110,0.033432,0.20177,0.04689,0.272,0.036357,0.20276
110,0.033108,0.19549,0.046979,0.25479,0.040783,0.22806
110,0.032668,0.24554,0.046947,0.27351,0.041214,0.22968
110,0.039376,0.18178,0.056093,0.21283,0.043522,0.19346
110,0.036355,0.20873,0.051293,0.27719,0.037914,0.22842
110,0.032278,0.20537,0.046149,0.25309,0.045239,0.21473
110,0.035018,0.19409,0.048824,0.27122,0.042812,0.21274
110,0.031473,0.20329,0.045016,0.25153,0.039872,0.23064
110,0.035964,0.22546,0.051112,0.28509,0.039198,0.18747
110,0.032686,0.19448,0.045845,0.25814,0.041354,0.23649
110,0.033642,0.20741,0.048038,0.25919,0.04222,0.20048
110,0.031914,0.20505,0.045415,0.25072,0.041019,0.21843
110,0.033417,0.21702,0.047054,0.28974,0.043485,0.19503
110,0.033413,0.19051,0.047427,0.23138,0.045416,0.23215
110,0.033748,0.21123,0.047619,0.27267,0.04077,0.25562
110,0.03221,0.18768,0.045624,0.24757,0.039788,0.1909
110,0.035351,0.18951,0.050275,0.2445,0.043881,0.23274
110,0.030605,0.20079,0.043744,0.23725,0.039054,0.1971
110,0.032745,0.16641,0.046177,0.22259,0.03776,0.19056
110,0.036179,0.18874,0.051383,0.22883,0.04363,0.22368
110,0.033243,0.17511,0.046811,0.22304,0.042044,0.22918
110,0.035204,0.21459,0.049579,0.27911,0.044627,0.22296
110,0.037092,0.21759,0.053265,0.24589,0.04202,0.23005
110,0.033506,0.17835,0.046914,0.24766,0.041426,0.20271
110,0.037235,0.1733,0.052765,0.22031,0.046011,0.21366
120,0.035211,0.1953,0.049293,0.27609,0.047131,0.23185
120,0.038593,0.18488,0.054516,0.24101,0.044438,0.2377
120,0.037847,0.17715,0.053728,0.21167,0.047627,0.21514
120,0.033746,0.18652,0.047517,0.24453,0.042936,0.22464
120,0.034753,0.22125,0.048687,0.29365,0.038063,0.24438
120,0.037502,0.19419,0.052773,0.24914,0.051175,0.2639
120,0.03711,0.21212,0.052291,0.28087,0.047129,0.22847
120,0.036275,0.18084,0.051242,0.25012,0.040323,0.25326
120,0.034439,0.2122,0.048578,0.2767,0.042204,0.21169
120,0.035198,0.20352,0.049341,0.26082,0.048455,0.26979
120,0.034544,0.18354,0.048851,0.23492,0.047887,0.24283
120,0.037016,0.21482,0.052844,0.2535,0.045932,0.23802
120,0.038089,0.20289,0.053413,0.26874,0.038885,0.2255
120,0.033069,0.25336,0.047529,0.29979,0.043261,0.25178
120,0.035775,0.23213,0.051025,0.28597,0.041809,0.24029
120,0.036789,0.18019,0.051272,0.2639,0.043859,0.23664
120,0.035561,0.18683,0.04941,0.27346,0.046372,0.23276
120,0.035559,0.20091,0.050176,0.27214,0.038105,0.23701
120,0.038744,0.20092,0.05508,0.25199,0.055433,0.25609
120,0.036191,0.23284,0.052302,0.26901,0.052325,0.23522
120,0.038677,0.19579,0.054809,0.24436,0.047846,0.25061
120,0.035241,0.20604,0.049935,0.26854,0.041531,0.21442
120,0.035972,0.22648,0.050961,0.27786,0.04404,0.19822
120,0.035686,0.18101,0.050674,0.21639,0.045165,0.24423
120,0.032538,0.22319,0.04598,0.28455,0.039639,0.22458
120,0.032752,0.22365,0.047146,0.25329,0.041119,0.24689
120,0.035907,0.23589,0.0511,0.27997,0.043259,0.25331
120,0.036933,0.19056,0.052683,0.21802,0.044544,0.24168
120,0.037347,0.21737,0.053058,0.27332,0.040938,0.24229
120,0.037334,0.1817,0.052808,0.2357,0.04702,0.26417
120,0.036734,0.20488,0.051708,0.27352,0.048811,0.25188
120,0.035208,0.20544,0.049453,0.26756,0.045674,0.2302
120,0.033635,0.20103,0.046999,0.28334,0.044393,0.24047
120,0.035642,0.23315,0.050308,0.301,0.04546,0.25779
120,0.037396,0.21311,0.052775,0.26399,0.044073,0.21126
120,0.035084,0.17746,0.049334,0.21723,0.043316,0.2222
120,0.038165,0.20555,0.053531,0.27869,0.045949,0.2286
120,0.042348,0.20511,0.060736,0.25329,0.054718,0.22518
120,0.037387,0.22339,0.052385,0.31306,0.043019,0.27717
120,0.035437,0.20189,0.050518,0.2568,0.045209,0.23669
120,0.034929,0.20891,0.049446,0.27399,0.039496,0.24372
120,0.030841,0.19885,0.04355,0.25258,0.044301,0.21313
120,0.03738,0.20757,0.053325,0.25539,0.048232,0.27044
120,0.034124,0.23428,0.049026,0.28629,0.040463,0.23778
120,0.035099,0.22111,0.049985,0.26814,0.041905,0.22685
120,0.035531,0.21713,0.050514,0.27682,0.043587,0.23065
120,0.035428,0.21045,0.050732,0.25302,0.041315,0.26134
120,0.036967,0.21119,0.052169,0.2756,0.049666,0.23578
120,0.033734,0.19709,0.047622,0.25677,0.041294,0.24632
120,0.031408,0.19113,0.044148,0.26445,0.04117,0.23911
130,0.034361,0.18574,0.048541,0.23952,0.039847,0.26572
130,0.03619,0.21933,0.051784,0.26617,0.045592,0.22561
130,0.038385,0.22664,0.054665,0.28924,0.047945,0.24904
130,0.043455,0.22435,0.061962,0.28449,0.049554,0.23834
130,0.038687,0.20292,0.054637,0.27079,0.047961,0.2475
130,0.036682,0.18181,0.051708,0.24085,0.04411,0.25078
130,0.037448,0.21993,0.052934,0.28634,0.046066,0.24394
130,0.036695,0.19815,0.051759,0.24943,0.045344,0.24015
130,0.033066,0.22444,0.046964,0.27167,0.042902,0.27126
130,0.039783,0.21022,0.055832,0.27723,0.048665,0.26241
130,0.03054,0.20968,0.042699,0.27519,0.047632,0.22915
130,0.036353,0.21002,0.051007,0.28696,0.044917,0.2178
130,0.038881,0.21666,0.054886,0.28784,0.048295,0.23364
130,0.035181,0.2301,0.04982,0.29173,0.043346,0.22922
130,0.034894,0.20169,0.049401,0.25711,0.04363,0.25611
130,0.03962,0.20268,0.056048,0.25866,0.044253,0.28582
130,0.043708,0.22829,0.061313,0.30066,0.048907,0.22388
130,0.040166,0.21267,0.056029,0.2864,0.04798,0.22332
130,0.042476,0.20256,0.060005,0.25436,0.049217,0.25507
130,0.034229,0.21343,0.049036,0.24674,0.043161,0.23255
130,0.040586,0.21572,0.056718,0.29286,0.050407,0.26196
130,0.038686,0.21373,0.054455,0.27848,0.04617,0.21961
130,0.034483,0.21559,0.048952,0.28077,0.045156,0.20935
130,0.039802,0.20346,0.055621,0.28519,0.050698,0.24632
130,0.04491,0.20499,0.063702,0.25494,0.050724,0.22477
130,0.038754,0.23178,0.054308,0.31376,0.045517,0.24911
130,0.035581,0.24139,0.050908,0.28922,0.042911,0.22992
130,0.04043,0.20888,0.057361,0.26179,0.046291,0.23504
130,0.03909,0.21746,0.055826,0.26967,0.04641,0.25792
130,0.035781,0.22731,0.050953,0.26794,0.043085,0.24359
130,0.037473,0.24427,0.052903,0.31205,0.047992,0.21466
130,0.039416,0.22648,0.055729,0.28356,0.047925,0.26821
130,0.037254,0.22821,0.052886,0.29846,0.047036,0.22424
130,0.039931,0.21451,0.056724,0.27624,0.048753,0.21345
130,0.0359,0.22163,0.05009,0.29618,0.039819,0.26483
130,0.035924,0.19958,0.050528,0.26598,0.048576,0.25147
130,0.043329,0.2341,0.061765,0.28232,0.049616,0.21763
130,0.035062,0.2657,0.05019,0.31295,0.047261,0.25204
130,0.03768,0.214,0.052859,0.28217,0.043471,0.27798
130,0.037158,0.204,0.052893,0.24205,0.046398,0.26275
130,0.038406,0.20222,0.054367,0.25684,0.045816,0.23573
130,0.038576,0.21792,0.054366,0.28537,0.041434,0.23742
130,0.038895,0.1842,0.054566,0.24775,0.047117,0.27308
130,0.040096,0.17947,0.056754,0.23905,0.042081,0.27336
130,0.039076,0.20313,0.055446,0.25556,0.053524,0.25986
130,0.040321,0.18842,0.057077,0.23859,0.04505,0.25422
130,0.038595,0.2207,0.054618,0.27819,0.046918,0.2188
130,0.032861,0.18448,0.046204,0.25657,0.04169,0.24871
130,0.034862,0.2265,0.049536,0.28557,0.041909,0.21428
130,0.040732,0.19559,0.057546,0.25245,0.038646,0.22864
140,0.038982,0.2285,0.055207,0.27294,0.044162,0.272
140,0.040783,0.21805,0.058012,0.26105,0.055431,0.23971
140,0.037217,0.24634,0.053264,0.28493,0.044349,0.22902
140,0.044837,0.21018,0.063033,0.2723,0.052898,0.26437
140,0.041053,0.22642,0.058352,0.28487,0.050103,0.22156
140,0.041032,0.22963,0.057076,0.30897,0.051588,0.24476
140,0.038398,0.23154,0.054251,0.29391,0.047288,0.26184
140,0.040621,0.20953,0.057541,0.27349,0.051436,0.22488
140,0.039745,0.22624,0.056057,0.27589,0.050965,0.23563
140,0.034961,0.21918,0.049454,0.28156,0.047965,0.25319
140,0.037616,0.25302,0.053123,0.30797,0.046362,0.2842
140,0.045336,0.24148,0.064782,0.28904,0.053337,0.25104
140,0.041344,0.2222,0.058871,0.26852,0.048449,0.2458
140,0.035425,0.24454,0.050671,0.28413,0.044267,0.25075
140,0.042728,0.22761,0.060359,0.29227,0.049889,0.28895
140,0.03526,0.20945,0.049235,0.29188,0.043587,0.24909
140,0.042626,0.22352,0.061137,0.25513,0.044883,0.25002
140,0.038213,0.22867,0.054351,0.28709,0.043922,0.24567
140,0.042705,0.23224,0.059792,0.29756,0.051767,0.24987
140,0.041159,0.22463,0.058672,0.26926,0.050237,0.24691
140,0.037851,0.2111,0.054238,0.24822,0.047171,0.26954
140,0.036615,0.22478,0.052274,0.28036,0.043957,0.29737
140,0.036461,0.24386,0.051776,0.30946,0.046174,0.24692
140,0.03998,0.23216,0.057206,0.26986,0.055129,0.28429
140,0.043651,0.21052,0.061147,0.28733,0.050568,0.25255
140,0.038551,0.21259,0.054339,0.2765,0.048151,0.25778
140,0.040467,0.19942,0.056974,0.24752,0.045916,0.2745
140,0.037881,0.24943,0.054007,0.30411,0.04315,0.23796
140,0.041877,0.2289,0.059319,0.28805,0.054299,0.23341
140,0.037892,0.23306,0.054264,0.2822,0.048629,0.26199
140,0.038225,0.21517,0.054347,0.26049,0.049914,0.29198
140,0.043152,0.24173,0.060525,0.3191,0.054689,0.2165
140,0.039831,0.23105,0.056479,0.29338,0.051518,0.30443
140,0.044612,0.22996,0.063775,0.25869,0.052149,0.24979
140,0.035286,0.24577,0.050499,0.30083,0.049471,0.2316
140,0.035851,0.22332,0.051216,0.26236,0.045941,0.27048
140,0.042233,0.19462,0.058144,0.28279,0.049281,0.29569
140,0.039741,0.24019,0.056669,0.29131,0.048554,0.24446
140,0.033718,0.22615,0.048038,0.27514,0.042206,0.27158
140,0.041106,0.21586,0.058068,0.26534,0.050752,0.23923
140,0.03942,0.23291,0.055807,0.29607,0.047555,0.24762
140,0.039732,0.21,0.056014,0.28486,0.044147,0.23534
140,0.038862,0.22542,0.05475,0.30671,0.051428,0.28025
140,0.039993,0.24902,0.057586,0.28897,0.048283,0.23121
140,0.040445,0.22381,0.05658,0.30921,0.050246,0.25948
140,0.037642,0.26139,0.053127,0.34183,0.046676,0.25511
140,0.036861,0.2231,0.052373,0.27336,0.047643,0.26588
140,0.035121,0.25377,0.050726,0.28222,0.048016,0.28157
140,0.040182,0.24979,0.057372,0.30071,0.04962,0.21787
140,0.037301,0.2262,0.05291,0.28657,0.046442,0.2545
150,0.043506,0.24876,0.061333,0.32457,0.051975,0.27233
150,0.040553,0.23611,0.057323,0.3015,0.053394,0.27272
150,0.044728,0.24486,0.062915,0.31912,0.046887,0.26557
150,0.043292,0.22152,0.061635,0.27518,0.048547,0.22129
150,0.041193,0.2542,0.058946,0.31321,0.046606,0.26801
150,0.039325,0.26035,0.055584,0.32451,0.054156,0.26854
150,0.043124,0.25537,0.062076,0.31123,0.059423,0.29597
150,0.041482,0.20105,0.058667,0.25946,0.052571,0.29155
150,0.036747,0.2472,0.052149,0.30253,0.053917,0.26614
150,0.045406,0.22253,0.063464,0.29578,0.055534,0.23077
150,0.036685,0.23085,0.051017,0.31394,0.054273,0.2706
150,0.039359,0.2357,0.055419,0.30119,0.041766,0.2553
150,0.044746,0.26236,0.064332,0.29702,0.051527,0.24438
150,0.044216,0.232,0.06315,0.26982,0.052172,0.2421
150,0.042548,0.23981,0.059874,0.30915,0.049679,0.267
150,0.040747,0.25032,0.058637,0.29355,0.049673,0.26876
150,0.037455,0.246,0.05389,0.28118,0.046385,0.25092
150,0.044663,0.23809,0.062675,0.32208,0.045435,0.25359
150,0.041474,0.20903,0.057903,0.29254,0.048436,0.29608
150,0.038351,0.24919,0.054816,0.29232,0.050858,0.26858
150,0.03781,0.2547,0.053652,0.3213,0.052077,0.27665
150,0.042965,0.23853,0.060556,0.31429,0.052701,0.26196
150,0.042239,0.2363,0.06062,0.26506,0.047026,0.25395
150,0.039624,0.21043,0.055683,0.28912,0.051695,0.25543
150,0.036551,0.21951,0.050749,0.29511,0.045678,0.25199
150,0.04482,0.21617,0.062494,0.27317,0.058747,0.28126
150,0.037336,0.23962,0.053111,0.28014,0.049526,0.26797
150,0.041523,0.27598,0.06013,0.31414,0.06066,0.27324
150,0.038775,0.22077,0.054889,0.27783,0.049933,0.2689
150,0.035849,0.23845,0.049983,0.32919,0.041447,0.27135
150,0.040526,0.24065,0.05835,0.27304,0.047784,0.25039
150,0.043647,0.21762,0.060795,0.29345,0.056597,0.27664
150,0.044719,0.235,0.06322,0.2978,0.050525,0.305
150,0.048041,0.22467,0.066164,0.30714,0.057641,0.27266
150,0.04267,0.24862,0.061298,0.29498,0.047765,0.25583
150,0.042759,0.2202,0.060397,0.27864,0.053352,0.27671
150,0.04073,0.23147,0.057893,0.26758,0.048751,0.26024
150,0.042259,0.23725,0.06033,0.27318,0.055537,0.27203
150,0.035715,0.22292,0.051084,0.26335,0.043803,0.29651
150,0.041388,0.24616,0.058129,0.3187,0.055158,0.28865
150,0.043587,0.21969,0.061244,0.27549,0.047902,0.24446
150,0.040134,0.24583,0.056736,0.31072,0.055489,0.28754
150,0.038014,0.22062,0.054091,0.27438,0.051293,0.24907
150,0.039995,0.24082,0.056527,0.29785,0.048995,0.24591
150,0.044033,0.21918,0.062484,0.27078,0.05102,0.28406
150,0.042977,0.23006,0.060403,0.29425,0.047001,0.3005
150,0.03914,0.21747,0.054651,0.29553,0.045057,0.28377
150,0.040946,0.22571,0.058279,0.27783,0.053445,0.27293
150,0.040057,0.20303,0.056285,0.25851,0.047939,0.2539
150,0.042229,0.21534,0.059128,0.29034,0.045852,0.25423
160,0.04403,0.24013,0.061535,0.31654,0.057059,0.2656
160,0.04839,0.2274,0.067666,0.30478,0.056911,0.29625
160,0.040167,0.21787,0.056495,0.28384,0.052605,0.2608
160,0.041897,0.23739,0.058821,0.29602,0.054912,0.27657
160,0.043869,0.25707,0.062281,0.30783,0.052291,0.29435
160,0.042062,0.2475,0.060174,0.29168,0.050847,0.28722
160,0.044431,0.27357,0.063288,0.33426,0.05098,0.27755
160,0.044954,0.24238,0.063124,0.30928,0.05601,0.24959
160,0.037557,0.25392,0.053906,0.29444,0.048657,0.27994
160,0.046076,0.232,0.065161,0.2959,0.053941,0.26532
160,0.041056,0.22292,0.05834,0.28067,0.051129,0.31718
160,0.042059,0.24086,0.05958,0.29193,0.053001,0.30631
160,0.045894,0.26082,0.065194,0.31997,0.053481,0.2543
160,0.042921,0.23765,0.060564,0.30522,0.049893,0.33399
160,0.045013,0.23149,0.063835,0.2916,0.049728,0.25554
160,0.040465,0.2628,0.056751,0.33816,0.052503,0.22837
160,0.044957,0.21578,0.062932,0.28804,0.05174,0.29204
160,0.04648,0.22663,0.065106,0.28631,0.052491,0.27024
160,0.038637,0.23645,0.054868,0.27141,0.048497,0.2729
160,0.040893,0.26516,0.058113,0.32821,0.054888,0.26408
160,0.041404,0.25166,0.058607,0.31746,0.045835,0.3001
160,0.043675,0.23403,0.061809,0.28505,0.055623,0.26842
160,0.04451,0.25191,0.062685,0.33798,0.053105,0.27672
160,0.03889,0.25183,0.055444,0.30259,0.047867,0.24877
160,0.039787,0.25468,0.055639,0.3418,0.047695,0.27164
160,0.040896,0.27263,0.059323,0.30241,0.052403,0.287
160,0.045141,0.22517,0.063685,0.29261,0.056463,0.27869
160,0.039519,0.25092,0.057006,0.28944,0.048483,0.28706
160,0.040438,0.26271,0.056436,0.34195,0.044996,0.26981
160,0.043094,0.23624,0.060439,0.30646,0.053023,0.27611
160,0.043768,0.26718,0.062436,0.32455,0.054623,0.27311
160,0.043203,0.24127,0.060894,0.29755,0.06132,0.30376
160,0.045458,0.22271,0.063422,0.29942,0.055501,0.28324
160,0.043851,0.23877,0.061112,0.31587,0.055167,0.25883
160,0.042799,0.25496,0.06088,0.31123,0.04908,0.28508
160,0.042639,0.25081,0.060671,0.30806,0.054141,0.2545
160,0.044737,0.25042,0.06219,0.35225,0.053383,0.29155
160,0.044968,0.2106,0.063287,0.28508,0.056988,0.24486
160,0.044892,0.22146,0.062694,0.31418,0.056845,0.29513
160,0.050251,0.25742,0.070344,0.33916,0.056207,0.28824
160,0.04161,0.25458,0.059095,0.30679,0.053224,0.25987
160,0.045006,0.26222,0.064111,0.31375,0.053179,0.27916
160,0.038518,0.2283,0.053561,0.31321,0.047461,0.24189
160,0.042308,0.25306,0.059933,0.3083,0.052223,0.28362
160,0.039846,0.24664,0.056931,0.30325,0.047503,0.27539
160,0.039256,0.25598,0.055355,0.31665,0.048528,0.30739
160,0.043205,0.25026,0.061215,0.3054,0.050038,0.28578
160,0.040708,0.25943,0.058085,0.3054,0.047106,0.30988
160,0.038204,0.26537,0.054489,0.31856,0.047435,0.28148
160,0.04108,0.24357,0.058315,0.29708,0.047231,0.27201
170,0.045928,0.23792,0.064802,0.30839,0.056135,0.28286
170,0.046452,0.24758,0.066047,0.2992,0.049848,0.3051
170,0.045845,0.2664,0.064142,0.3485,0.053049,0.26568
170,0.045898,0.25171,0.06429,0.32953,0.049858,0.30112
170,0.049125,0.27182,0.070785,0.30891,0.058645,0.28224
170,0.043413,0.28103,0.061232,0.36497,0.051993,0.26926
170,0.050678,0.26082,0.071327,0.3269,0.061626,0.29287
170,0.053028,0.24728,0.075054,0.29933,0.05349,0.31349
170,0.050236,0.24343,0.071588,0.30154,0.066406,0.28396
170,0.042465,0.23311,0.059689,0.30137,0.050771,0.25454
170,0.043865,0.27315,0.063221,0.29928,0.053736,0.24577
170,0.049089,0.22626,0.069246,0.28708,0.056132,0.29219
170,0.050865,0.25354,0.072408,0.31323,0.06018,0.31725
170,0.045924,0.24057,0.065173,0.29333,0.051545,0.28994
170,0.04706,0.22734,0.065805,0.30527,0.058928,0.2999
170,0.040208,0.30146,0.057338,0.37177,0.04998,0.29225
170,0.044929,0.25234,0.063428,0.32351,0.054388,0.29895
170,0.046147,0.26721,0.066139,0.31894,0.05856,0.27929
170,0.05237,0.2678,0.073335,0.34057,0.066854,0.27517
170,0.051075,0.23018,0.071301,0.30764,0.064254,0.26137
170,0.048514,0.2403,0.068766,0.29414,0.063559,0.255
170,0.046139,0.26057,0.065377,0.33335,0.052971,0.29821
170,0.046551,0.23894,0.065749,0.31203,0.05822,0.30026
170,0.049677,0.25681,0.071287,0.30934,0.065893,0.26688
170,0.045316,0.26554,0.06372,0.34719,0.051426,0.27535
170,0.044572,0.26393,0.063541,0.32557,0.048863,0.31325
170,0.049781,0.25629,0.070936,0.32725,0.064331,0.26905
170,0.044013,0.26946,0.062579,0.32585,0.050818,0.28155
170,0.049473,0.24084,0.07005,0.29063,0.060189,0.26404
170,0.046091,0.24196,0.065123,0.30531,0.056064,0.29467
170,0.050641,0.26469,0.072071,0.32222,0.061189,0.27266
170,0.043438,0.23935,0.060818,0.30524,0.047624,0.28086
170,0.046035,0.2376,0.065217,0.28003,0.054239,0.26997
170,0.046065,0.23319,0.063835,0.3221,0.052346,0.29627
170,0.048112,0.26475,0.067172,0.34588,0.061903,0.29237
170,0.042924,0.23892,0.059909,0.33343,0.050786,0.33357
170,0.049449,0.25942,0.069953,0.33983,0.058982,0.29508
170,0.043947,0.29015,0.061917,0.36467,0.054864,0.30768
170,0.045042,0.2525,0.063872,0.32037,0.05933,0.27826
170,0.041746,0.26176,0.059293,0.32318,0.054448,0.32033
170,0.039368,0.24805,0.056053,0.3086,0.051884,0.27556
170,0.044299,0.25995,0.064203,0.28779,0.05583,0.26829
170,0.048551,0.2459,0.06856,0.32789,0.052814,0.30811
170,0.044528,0.26209,0.062904,0.32837,0.054175,0.26578
170,0.04519,0.28607,0.064289,0.34671,0.056222,0.27502
170,0.04426,0.25636,0.06274,0.32446,0.051723,0.28577
170,0.048605,0.26775,0.068876,0.3323,0.06447,0.30588
170,0.044864,0.24159,0.062627,0.32158,0.054093,0.22916
170,0.04727,0.26014,0.068014,0.30212,0.057525,0.28621
170,0.0406,0.23452,0.057676,0.2903,0.052885,0.30048
180,0.044047,0.27868,0.0622,0.34283,0.053545,0.30405
180,0.045281,0.26837,0.06344,0.34892,0.048382,0.28542
180,0.051421,0.26002,0.073102,0.30472,0.071087,0.3003
180,0.050367,0.29133,0.070435,0.34784,0.07198,0.28291
180,0.044824,0.25705,0.062972,0.32895,0.050753,0.32476
180,0.044697,0.26596,0.063583,0.33265,0.052844,0.26055
180,0.045342,0.25625,0.064923,0.32496,0.050069,0.2992
180,0.043447,0.29679,0.061673,0.35172,0.054246,0.27456
180,0.056313,0.26191,0.080921,0.30974,0.071339,0.28268
180,0.049253,0.24571,0.06849,0.33305,0.065328,0.29391
180,0.048062,0.30234,0.068726,0.34905,0.056562,0.32413
180,0.049255,0.29261,0.070526,0.33296,0.060922,0.2959
180,0.048811,0.27316,0.069035,0.33726,0.062151,0.32523
180,0.048953,0.26395,0.06982,0.31462,0.060425,0.32071
180,0.042183,0.23277,0.057698,0.34471,0.056089,0.32507
180,0.040288,0.25982,0.057589,0.30294,0.049545,0.29198
180,0.049908,0.2337,0.070661,0.2838,0.062439,0.34741
180,0.047811,0.27135,0.06823,0.331,0.067304,0.27499
180,0.0506,0.24895,0.071726,0.30987,0.055275,0.27773
180,0.055705,0.25855,0.079624,0.3122,0.068322,0.3123
180,0.046919,0.27747,0.066219,0.34329,0.062183,0.28352
180,0.050962,0.25065,0.071165,0.33186,0.064256,0.27051
180,0.048431,0.25609,0.06802,0.32383,0.064066,0.31466
180,0.044583,0.25376,0.063154,0.31679,0.052629,0.32325
180,0.048799,0.28977,0.069897,0.34054,0.060204,0.29558
180,0.05143,0.25665,0.073842,0.27627,0.057565,0.30031
180,0.049079,0.27361,0.071045,0.3231,0.068067,0.29414
180,0.04635,0.2682,0.064974,0.3551,0.055563,0.29437
180,0.04984,0.28786,0.071076,0.33859,0.0601,0.29856
180,0.054801,0.24883,0.077384,0.31782,0.065369,0.3343
180,0.053072,0.26276,0.072986,0.36199,0.061226,0.29743
180,0.047838,0.25819,0.067013,0.33253,0.057141,0.31097
180,0.052097,0.24438,0.072517,0.31811,0.06424,0.31769
180,0.048606,0.26919,0.067575,0.345,0.063001,0.30601
180,0.044111,0.27392,0.061809,0.35904,0.048372,0.29919
180,0.041849,0.26529,0.058899,0.32706,0.053011,0.2951
180,0.057831,0.27917,0.081541,0.36284,0.068768,0.29972
180,0.054374,0.26643,0.077364,0.32775,0.060223,0.28506
180,0.049655,0.24378,0.070386,0.29738,0.064276,0.27177
180,0.048437,0.25482,0.069113,0.3078,0.061578,0.30477
180,0.043552,0.26738,0.061759,0.34418,0.050769,0.28672
180,0.051238,0.26774,0.072249,0.32829,0.060806,0.30133
180,0.046222,0.26485,0.06457,0.33964,0.060417,0.28336
180,0.049557,0.25059,0.068668,0.34265,0.05897,0.32961
180,0.048028,0.2604,0.068058,0.32481,0.05456,0.27926
180,0.046658,0.24281,0.066332,0.29979,0.053954,0.26128
180,0.046231,0.29117,0.066103,0.34514,0.056444,0.33994
180,0.04828,0.26664,0.067958,0.32314,0.058626,0.30222
180,0.043964,0.26532,0.062007,0.32788,0.053533,0.29407
180,0.044327,0.27149,0.062872,0.33223,0.05248,0.28579
190,0.053385,0.29421,0.076237,0.35181,0.065646,0.31628
190,0.050257,0.30604,0.072542,0.34057,0.063634,0.2878
190,0.043358,0.29583,0.061997,0.35723,0.052187,0.30257
190,0.057252,0.27858,0.081001,0.34597,0.074917,0.30219
190,0.059889,0.29615,0.085764,0.35236,0.073566,0.28718
190,0.052323,0.27813,0.072854,0.37226,0.058907,0.27939
190,0.048675,0.25126,0.067801,0.32092,0.061669,0.31242
190,0.056795,0.25405,0.080494,0.3038,0.069078,0.2936
190,0.051097,0.26818,0.071507,0.34374,0.061492,0.29235
190,0.049698,0.263,0.07096,0.29747,0.05794,0.31769
190,0.055103,0.23676,0.076781,0.31091,0.067381,0.32073
190,0.056197,0.22281,0.079017,0.2852,0.059972,0.28004
190,0.05463,0.27666,0.077759,0.32888,0.060938,0.30138
190,0.057937,0.28385,0.08255,0.32949,0.070838,0.31466
190,0.050618,0.29638,0.070673,0.37387,0.073203,0.28742
190,0.06452,0.25454,0.090946,0.30659,0.072852,0.34453
190,0.047081,0.26757,0.067016,0.32791,0.055768,0.31887
190,0.050532,0.26917,0.071391,0.33636,0.063726,0.31027
190,0.048482,0.30819,0.067523,0.40541,0.063211,0.30862
190,0.054781,0.27229,0.077826,0.32951,0.057945,0.31653
190,0.049822,0.26273,0.070809,0.31349,0.062365,0.30866
190,0.057162,0.27203,0.080949,0.32681,0.070415,0.31134
190,0.052238,0.27122,0.073885,0.33785,0.06118,0.3071
190,0.052209,0.25422,0.074125,0.31242,0.057634,0.31163
190,0.052127,0.28098,0.074751,0.32757,0.064832,0.33627
190,0.055682,0.27994,0.077517,0.37982,0.059835,0.33579
190,0.05237,0.27459,0.074121,0.3332,0.064519,0.31081
190,0.04959,0.27925,0.069925,0.34702,0.060094,0.29072
190,0.053756,0.26183,0.076108,0.33209,0.059183,0.31103
190,0.048167,0.26853,0.068604,0.32426,0.058831,0.28021
190,0.047147,0.30253,0.067368,0.35826,0.061738,0.31563
190,0.047349,0.25906,0.066282,0.33079,0.060178,0.24071
190,0.059876,0.26857,0.083753,0.34437,0.068621,0.26588
190,0.060005,0.25037,0.083704,0.33241,0.07788,0.32326
190,0.055072,0.25293,0.078312,0.30199,0.052292,0.31673
190,0.058474,0.26128,0.083918,0.30513,0.071235,0.27693
190,0.051972,0.28768,0.074223,0.33542,0.061446,0.33068
190,0.049894,0.29665,0.070677,0.35502,0.062251,0.31236
190,0.046212,0.31279,0.06622,0.36107,0.056047,0.33549
190,0.056992,0.28787,0.081669,0.33824,0.077541,0.28171
190,0.05067,0.26722,0.07058,0.35458,0.065058,0.31671
190,0.046281,0.25713,0.065037,0.32135,0.055077,0.30921
190,0.056187,0.25199,0.078861,0.31956,0.064268,0.31851
190,0.051129,0.27093,0.071631,0.35451,0.061642,0.27861
190,0.04668,0.30299,0.066105,0.35339,0.062406,0.32178
190,0.053192,0.27039,0.075583,0.32392,0.064115,0.317
190,0.052321,0.26963,0.072588,0.34242,0.069202,0.31172
190,0.045586,0.29429,0.064395,0.37045,0.051655,0.31949
190,0.055711,0.24523,0.07678,0.34506,0.065967,0.3076
190,0.046548,0.27412,0.065778,0.3376,0.059206,0.35758
200,0.056746,0.28672,0.080558,0.34509,0.071776,0.32546
200,0.064444,0.25748,0.090398,0.335,0.080123,0.32085
200,0.066562,0.26746,0.093967,0.3372,0.082202,0.33725
200,0.057481,0.29679,0.083004,0.34585,0.067284,0.31978
200,0.053333,0.25078,0.074576,0.33072,0.059949,0.31619
200,0.062936,0.25079,0.087521,0.33534,0.078319,0.30764
200,0.061408,0.2863,0.086305,0.37332,0.084939,0.31435
200,0.057332,0.28237,0.082306,0.33672,0.068614,0.33693
200,0.060498,0.28543,0.086875,0.3423,0.077328,0.3394
200,0.061885,0.27647,0.086237,0.35065,0.07885,0.34147
200,0.05934,0.28122,0.083649,0.36196,0.074014,0.29107
200,0.05699,0.26307,0.080238,0.33886,0.072564,0.31101
200,0.059157,0.26698,0.083186,0.32347,0.07325,0.2732
200,0.052778,0.29517,0.075854,0.33492,0.069844,0.29983
200,0.070975,0.26665,0.099459,0.34367,0.096181,0.2971
200,0.059972,0.27373,0.083934,0.35489,0.074077,0.28686
200,0.057036,0.28081,0.081519,0.34053,0.06739,0.35285
200,0.056059,0.27992,0.079186,0.36416,0.07348,0.33973
200,0.055841,0.28673,0.079755,0.34823,0.066752,0.36716
200,0.052004,0.28025,0.073452,0.34784,0.060012,0.31804
200,0.057552,0.25543,0.080223,0.32657,0.075965,0.28376
200,0.053711,0.28812,0.075354,0.37311,0.070391,0.31965
200,0.056101,0.2576,0.078258,0.34525,0.064459,0.33443
200,0.054281,0.29661,0.077611,0.36416,0.06817,0.3148
200,0.051956,0.27395,0.073588,0.34086,0.058991,0.30122
200,0.048621,0.28896,0.068194,0.36962,0.055766,0.28977
200,0.056574,0.29003,0.080496,0.35607,0.068933,0.29398
200,0.064399,0.27346,0.091953,0.3312,0.069317,0.31246
200,0.057346,0.29225,0.080768,0.36653,0.06955,0.31794
200,0.047405,0.29083,0.066842,0.36139,0.057829,0.32123
200,0.055739,0.2854,0.077916,0.35399,0.061476,0.3013
200,0.053891,0.27422,0.076238,0.3314,0.062481,0.30791
200,0.075956,0.30241,0.10968,0.33886,0.10306,0.33746
200,0.057305,0.26306,0.080818,0.32967,0.067801,0.29319
200,0.050859,0.29398,0.072646,0.34149,0.055527,0.3073
200,0.073159,0.2978,0.10553,0.33525,0.090394,0.3253
200,0.059374,0.29618,0.083907,0.35933,0.077401,0.3383
200,0.05799,0.29886,0.081846,0.35364,0.068167,0.31743
200,0.061667,0.2564,0.085813,0.33551,0.078566,0.30676
200,0.059105,0.26181,0.082422,0.34613,0.06541,0.31085
200,0.058385,0.28399,0.082654,0.33183,0.062516,0.34323
200,0.055669,0.29581,0.078096,0.3668,0.064122,0.3362
200,0.059342,0.30064,0.083627,0.38865,0.073096,0.31291
200,0.058557,0.31925,0.081566,0.4071,0.068994,0.29909
200,0.070153,0.27279,0.10062,0.30549,0.080262,0.27694
200,0.054916,0.28941,0.078129,0.33819,0.067645,0.3266
200,0.057174,0.29643,0.081878,0.3356,0.072336,0.32235
200,0.056316,0.29285,0.081012,0.33259,0.07068,0.3311
200,0.063083,0.29386,0.089787,0.33925,0.069958,0.3229
200,0.069124,0.25849,0.098383,0.3073,0.076729,0.29617
210,0.068082,0.34158,0.097123,0.41266,0.077789,0.34504
210,0.064929,0.26767,0.090059,0.36557,0.071977,0.33234
210,0.063408,0.28765,0.08965,0.3394,0.074318,0.29852
210,0.065134,0.31391,0.092779,0.36911,0.082305,0.30759
210,0.067371,0.29356,0.095104,0.35875,0.087973,0.34457
210,0.059289,0.28455,0.084486,0.34258,0.071853,0.35175
210,0.064959,0.29299,0.091408,0.35431,0.072568,0.3096
210,0.060958,0.30773,0.088314,0.35635,0.072816,0.32693
210,0.063155,0.30159,0.089418,0.37249,0.075462,0.29865
210,0.075557,0.27496,0.10517,0.3584,0.087551,0.3203
210,0.064546,0.28262,0.090623,0.35489,0.076494,0.31016
210,0.078697,0.32028,0.11204,0.36884,0.090215,0.30802
210,0.065935,0.29882,0.093793,0.36943,0.073426,0.33457
210,0.056448,0.28631,0.078992,0.37703,0.075067,0.33042
210,0.079114,0.30399,0.11136,0.36165,0.10822,0.35515
210,0.074577,0.27551,0.10563,0.34183,0.092827,0.31024
210,0.056746,0.30319,0.080651,0.37216,0.075606,0.32545
210,0.075411,0.30176,0.10594,0.37424,0.096194,0.34207
210,0.058886,0.2807,0.084423,0.32084,0.06594,0.30368
210,0.068796,0.29902,0.096947,0.36745,0.085301,0.31132
210,0.060968,0.30251,0.086982,0.34455,0.07002,0.3021
210,0.057265,0.3051,0.081449,0.37738,0.068361,0.372
210,0.068618,0.27706,0.095766,0.35928,0.070141,0.31474
210,0.064829,0.29145,0.091936,0.34555,0.073661,0.28383
210,0.073808,0.31182,0.10408,0.36596,0.092402,0.33106
210,0.076524,0.27315,0.10857,0.32498,0.089152,0.33551
210,0.06238,0.26968,0.087965,0.34602,0.071401,0.32279
210,0.062739,0.30568,0.089595,0.34944,0.078046,0.35428
210,0.055585,0.30535,0.079149,0.35277,0.071144,0.35901
210,0.067659,0.31987,0.094727,0.38215,0.078711,0.35222
210,0.071119,0.30424,0.10077,0.37587,0.091719,0.30729
210,0.068094,0.29441,0.096066,0.3793,0.077141,0.31953
210,0.059417,0.30329,0.083488,0.38203,0.070111,0.33174
210,0.081539,0.26802,0.11395,0.33608,0.11475,0.30554
210,0.05398,0.27379,0.076553,0.33257,0.072718,0.3314
210,0.060731,0.30679,0.085372,0.38773,0.084839,0.33857
210,0.07248,0.26934,0.10229,0.32211,0.085591,0.30226
210,0.063498,0.28872,0.088951,0.35882,0.077204,0.32381
210,0.068653,0.28503,0.096952,0.36476,0.082994,0.36486
210,0.055581,0.32196,0.079354,0.39902,0.072978,0.31848
210,0.06484,0.28188,0.091926,0.34015,0.087855,0.36933
210,0.06248,0.31129,0.087786,0.38154,0.07959,0.32969
210,0.059723,0.26087,0.082328,0.35485,0.074623,0.33897
210,0.053609,0.32394,0.077744,0.35536,0.074715,0.33042
210,0.066057,0.2787,0.094428,0.32076,0.078453,0.34451
210,0.061657,0.29512,0.086585,0.38404,0.086062,0.3245
210,0.051775,0.30718,0.07473,0.33663,0.069106,0.30967
210,0.061881,0.267,0.087122,0.33503,0.074443,0.33571
210,0.065398,0.31844,0.094073,0.35853,0.084903,0.34094
210,0.070332,0.25122,0.097202,0.33876,0.087442,0.31141
220,0.073091,0.29081,0.10342,0.35599,0.084576,0.34152
220,0.059396,0.31309,0.083538,0.39574,0.084139,0.33413
220,0.07607,0.31795,0.10974,0.36571,0.095868,0.30767
220,0.077916,0.32658,0.11219,0.37293,0.10413,0.38146
220,0.0745,0.25938,0.10575,0.31406,0.086534,0.31903
220,0.069011,0.28268,0.09649,0.35114,0.087783,0.34518
220,0.087746,0.30827,0.12509,0.343,0.1219,0.29012
220,0.075271,0.27675,0.10748,0.31537,0.094938,0.33212
220,0.083922,0.29715,0.11776,0.37695,0.097216,0.33714
220,0.077366,0.31631,0.11019,0.37956,0.097823,0.35681
220,0.061369,0.33686,0.086749,0.41096,0.06882,0.30768
220,0.075204,0.29417,0.10733,0.33817,0.092726,0.36589
220,0.070986,0.27312,0.10035,0.31609,0.081235,0.32621
220,0.084957,0.31907,0.12187,0.35873,0.10562,0.31954
220,0.078034,0.32403,0.11241,0.38247,0.095579,0.34291
220,0.080794,0.31501,0.11401,0.39588,0.10091,0.29599
220,0.091949,0.30564,0.13079,0.37201,0.11069,0.32801
220,0.067092,0.31152,0.094905,0.37566,0.080549,0.35592
220,0.071767,0.30949,0.10081,0.39196,0.083474,0.34981
220,0.08752,0.29746,0.12211,0.37716,0.10472,0.31328
220,0.067924,0.30986,0.097664,0.3542,0.090385,0.33051
220,0.062142,0.32213,0.088543,0.37944,0.071879,0.31567
220,0.061989,0.29681,0.087635,0.36619,0.074809,0.31366
220,0.07717,0.30312,0.10996,0.35101,0.10054,0.3099
220,0.079786,0.30793,0.11315,0.37457,0.10245,0.30256
220,0.072716,0.32631,0.1023,0.4088,0.082417,0.315
220,0.082667,0.29575,0.11593,0.35504,0.097033,0.37609
220,0.076083,0.28977,0.1078,0.33392,0.078393,0.35509
220,0.067597,0.30999,0.096644,0.37146,0.077787,0.33712
220,0.074774,0.29407,0.1054,0.37465,0.091638,0.33264
220,0.074846,0.28469,0.10515,0.34852,0.094676,0.35179
220,0.079488,0.27494,0.10964,0.35736,0.090632,0.31494
220,0.063446,0.29269,0.088868,0.36099,0.074069,0.32515
220,0.075182,0.31138,0.1055,0.39374,0.10835,0.31675
220,0.077751,0.30781,0.11093,0.3818,0.08809,0.33065
220,0.09597,0.29843,0.13612,0.38185,0.11266,0.34975
220,0.07281,0.32684,0.10473,0.38058,0.091551,0.33146
220,0.093088,0.30582,0.13137,0.37489,0.10624,0.3283
220,0.077122,0.29221,0.10981,0.33639,0.092333,0.33949
220,0.078621,0.31386,0.11158,0.38373,0.093048,0.32682
220,0.095848,0.28963,0.13529,0.35552,0.12674,0.33506
220,0.083171,0.29927,0.11735,0.38336,0.093766,0.33093
220,0.073516,0.30724,0.10451,0.35488,0.085488,0.31764
220,0.080682,0.32009,0.11583,0.366,0.096466,0.36455
220,0.08455,0.30049,0.12071,0.36377,0.11558,0.36275
220,0.073015,0.28043,0.10302,0.34356,0.09391,0.31751
220,0.0699,0.3057,0.098967,0.37165,0.094371,0.36623
220,0.082669,0.29321,0.11673,0.36957,0.096116,0.31632
220,0.07337,0.33726,0.10435,0.39653,0.088622,0.31578
220,0.067949,0.25439,0.093955,0.34106,0.07884,0.35406
230,0.088826,0.30681,0.12518,0.37099,0.10867,0.35213
230,0.078282,0.3252,0.11115,0.39543,0.094267,0.31779
230,0.074156,0.31144,0.10559,0.37234,0.088127,0.31851
230,0.13051,0.31717,0.18603,0.37032,0.16821,0.35654
230,0.091185,0.32633,0.12831,0.39309,0.10871,0.33044
230,0.071679,0.31213,0.10244,0.3613,0.083495,0.31388
230,0.076801,0.30737,0.10891,0.38693,0.10916,0.30667
230,0.11724,0.3047,0.16549,0.36736,0.12002,0.34959
230,0.070839,0.29443,0.098658,0.35617,0.089563,0.3404
230,0.098494,0.3131,0.14103,0.37729,0.11729,0.29652
230,0.085364,0.30049,0.11893,0.39743,0.10515,0.34394
230,0.081088,0.32139,0.11498,0.3837,0.097698,0.35786
230,0.084036,0.30053,0.11696,0.36926,0.10732,0.31963
230,0.083728,0.31729,0.11793,0.39209,0.10684,0.33256
230,0.08628,0.28206,0.12122,0.33962,0.11136,0.31372
230,0.086828,0.29265,0.12028,0.38188,0.10334,0.37341
230,0.08762,0.31796,0.12222,0.38903,0.10916,0.35722
230,0.11366,0.32671,0.16297,0.379,0.14467,0.33475
230,0.10037,0.29978,0.14314,0.34613,0.11878,0.37032
230,0.092859,0.29091,0.13022,0.35719,0.10338,0.31958
230,0.084733,0.30402,0.11855,0.36623,0.10142,0.32803
230,0.084629,0.32916,0.12023,0.39553,0.10873,0.34019
230,0.080407,0.30742,0.11434,0.35922,0.10151,0.35986
230,0.11858,0.29738,0.16386,0.39327,0.15115,0.32988
230,0.089568,0.31464,0.12668,0.38547,0.11354,0.37919
230,0.081026,0.28998,0.11142,0.38929,0.09336,0.32878
230,0.10672,0.27833,0.14893,0.35322,0.12115,0.33434
230,0.12535,0.34119,0.17959,0.39073,0.14744,0.37012
230,0.092285,0.29994,0.12994,0.37139,0.10259,0.36609
230,0.098084,0.31276,0.14172,0.34888,0.11496,0.34262
230,0.10297,0.31996,0.14483,0.38456,0.12688,0.34024
230,0.088164,0.31247,0.12517,0.37732,0.11015,0.3098
230,0.090626,0.31692,0.12732,0.38587,0.11748,0.33367
230,0.082563,0.30193,0.11464,0.37794,0.096505,0.34493
230,0.098906,0.3125,0.14141,0.36081,0.11582,0.38205
230,0.091674,0.32324,0.13147,0.35948,0.11778,0.37113
230,0.11113,0.30888,0.15786,0.35307,0.13405,0.35209
230,0.089949,0.34398,0.12818,0.42156,0.11669,0.31838
230,0.12676,0.32827,0.1808,0.39461,0.15155,0.36551
230,0.092713,0.31889,0.13047,0.4053,0.11698,0.33662
230,0.11974,0.30288,0.16906,0.35508,0.14528,0.31635
230,0.099858,0.30713,0.143,0.34957,0.11751,0.34613
230,0.098367,0.29272,0.13856,0.35325,0.12145,0.36103
230,0.090835,0.28418,0.12742,0.36517,0.11865,0.33106
230,0.094628,0.30251,0.1324,0.38833,0.1116,0.32412
230,0.077352,0.30252,0.10735,0.38014,0.10373,0.36505
230,0.088152,0.31323,0.12488,0.3768,0.10651,0.3052
230,0.09706,0.27149,0.13732,0.32427,0.1268,0.34382
230,0.087335,0.33081,0.12456,0.40492,0.10238,0.35686
230,0.11274,0.32857,0.15887,0.3958,0.13255,0.36304
240,0.086746,0.35597,0.12446,0.41598,0.10571,0.37601
240,0.16221,0.32232,0.22914,0.39846,0.18642,0.35915
240,0.15584,0.3201,0.21694,0.39716,0.19539,0.34747
240,0.11423,0.32549,0.16123,0.38337,0.14564,0.33707
240,0.15076,0.32715,0.21483,0.4009,0.18903,0.35748
240,0.15223,0.30775,0.21345,0.38516,0.1788,0.36657
240,0.11135,0.33282,0.15569,0.42863,0.13397,0.33092
240,0.16808,0.31205,0.23595,0.39556,0.20179,0.33287
240,0.10769,0.34125,0.15273,0.39845,0.13327,0.35338
240,0.10653,0.32629,0.14925,0.39064,0.11949,0.36536
240,0.11825,0.31146,0.16405,0.38847,0.1531,0.33462
240,0.10069,0.33983,0.14045,0.41212,0.14441,0.31427
240,0.1851,0.31778,0.2647,0.36735,0.22309,0.34984
240,0.10408,0.33178,0.14841,0.40367,0.12238,0.36289
240,0.15309,0.31431,0.21339,0.40097,0.18955,0.32946
240,0.10355,0.34808,0.14897,0.41212,0.13086,0.38813
240,0.11036,0.30064,0.15344,0.38222,0.15153,0.37758
240,0.1163,0.34829,0.16396,0.43488,0.1547,0.36539
240,0.13734,0.34701,0.19727,0.39251,0.16996,0.34028
240,0.10888,0.31594,0.1516,0.39647,0.12879,0.34494
240,0.11299,0.3096,0.1586,0.38635,0.14043,0.33218
240,0.14206,0.33005,0.19808,0.40729,0.18107,0.37084
240,0.10641,0.32598,0.15053,0.39781,0.12471,0.33634
240,0.15531,0.34362,0.21554,0.42534,0.19881,0.35847
240,0.11703,0.31082,0.16259,0.40887,0.13827,0.34743
240,0.15367,0.30614,0.21889,0.35634,0.17438,0.35344
240,0.14309,0.32088,0.20011,0.40193,0.16856,0.32611
240,0.1155,0.34994,0.16201,0.42316,0.13432,0.39188
240,0.1155,0.33759,0.16183,0.40472,0.14534,0.37253
240,0.12078,0.30942,0.17137,0.37235,0.14342,0.37022
240,0.1406,0.29964,0.19898,0.35448,0.17092,0.35688
240,0.10663,0.33003,0.15166,0.3889,0.10466,0.36916
240,0.1133,0.32994,0.15879,0.40326,0.14624,0.32736
240,0.1107,0.34259,0.15752,0.38115,0.12516,0.32178
240,0.10847,0.31554,0.15383,0.37768,0.13087,0.3833
240,0.09332,0.34002,0.13153,0.38939,0.10421,0.39443
240,0.11564,0.33956,0.16343,0.40323,0.14051,0.34292
240,0.10167,0.33804,0.14406,0.39881,0.12908,0.29926
240,0.12564,0.31245,0.1788,0.37023,0.15755,0.37897
240,0.13692,0.32814,0.18911,0.42896,0.17694,0.34425
240,0.18258,0.32291,0.25648,0.38548,0.23213,0.35847
240,0.1247,0.31142,0.17564,0.36857,0.13216,0.34901
240,0.15034,0.31263,0.21163,0.3857,0.17902,0.3413
240,0.11666,0.3287,0.16498,0.37979,0.12956,0.33533
240,0.11613,0.34786,0.16613,0.40148,0.13519,0.38128
240,0.14742,0.32399,0.20676,0.38591,0.16894,0.32971
240,0.11997,0.32255,0.17099,0.3798,0.13937,0.37309
240,0.11155,0.31136,0.15371,0.39349,0.12803,0.35591
240,0.15003,0.3218,0.2142,0.36716,0.18861,0.32226
240,0.10277,0.31279,0.144,0.37861,0.10946,0.37592
250,0.42343,0.2959,0.60323,0.34518,0.50838,0.32733
250,0.50105,0.31894,0.68716,0.40637,0.5718,0.34124
250,1.7369,0.30611,2.4441,0.36432,1.8702,0.36608
250,0.27277,0.29421,0.38574,0.36189,0.36568,0.37007
250,0.37858,0.29622,0.53855,0.34986,0.40779,0.39761
250,0.2638,0.32185,0.37068,0.38078,0.34526,0.38153
250,0.3509,0.34004,0.49549,0.40659,0.43645,0.35904
250,0.44541,0.32223,0.63013,0.39071,0.5257,0.35647
250,0.7878,0.33872,1.1333,0.3707,1.1013,0.39442
250,1.2619,0.335,1.8174,0.36258,1.6591,0.36815
250,0.63932,0.359,0.93794,0.37645,0.83541,0.38521
250,0.34036,0.36632,0.49191,0.4102,0.42892,0.40278
250,0.38817,0.32898,0.55251,0.38725,0.45556,0.35191
250,0.43053,0.31412,0.598,0.41275,0.51099,0.36184
250,0.81043,0.31472,1.1594,0.3688,0.92213,0.37282
250,2.4749,0.32004,3.4692,0.39578,2.9233,0.34673
250,2.3512,0.34861,3.3157,0.43274,2.7419,0.34232
250,5.3486,0.30278,7.5135,0.37433,6.6132,0.37011
250,1.2219,0.38049,1.7489,0.44379,1.5316,0.33872
250,0.60871,0.2863,0.84889,0.37238,0.73873,0.31796
250,0.32844,0.34216,0.46809,0.40126,0.43447,0.38619
250,1.9144,0.30399,2.6247,0.38561,2.0535,0.35021
250,1.1071,0.35592,1.5875,0.42332,1.2147,0.36419
250,0.55556,0.34324,0.80474,0.38239,0.61918,0.35545
250,0.34036,0.31301,0.47635,0.37302,0.43829,0.3935
250,1.0279,0.3619,1.4621,0.42017,1.2112,0.38357
250,0.1809,0.34835,0.25738,0.41034,0.19237,0.38368
250,0.44188,0.32149,0.63201,0.37952,0.58967,0.36158
250,1.7964,0.34412,2.5226,0.42625,2.0435,0.35231
250,0.96533,0.33875,1.3587,0.42637,1.2483,0.37339
250,0.42619,0.31106,0.59284,0.39595,0.53637,0.39717
250,0.96471,0.34491,1.3858,0.4036,1.2234,0.33405
250,0.19952,0.3361,0.28153,0.4156,0.24068,0.3746
250,0.4138,0.30632,0.57584,0.38917,0.46486,0.37649
250,0.4155,0.35205,0.59068,0.42155,0.44739,0.32538
250,0.33179,0.29805,0.45972,0.37953,0.40259,0.35959
250,1.2106,0.34204,1.7135,0.40387,1.2878,0.38318
250,0.67111,0.35082,0.94393,0.4183,0.81194,0.34976
250,0.18249,0.33514,0.25987,0.39429,0.22362,0.3444
250,0.28147,0.32348,0.40084,0.38077,0.33426,0.3823
250,0.44661,0.31201,0.62051,0.40596,0.53208,0.39284
250,0.65803,0.3331,0.9462,0.39294,0.75594,0.37862
250,1.2962,0.32667,1.8306,0.38435,1.4518,0.35695
250,0.87508,0.30371,1.2084,0.38664,1.1062,0.37541
250,5.2379,0.31072,7.2488,0.41027,7.0725,0.3958
250,0.41687,0.3371,0.58938,0.40434,0.54597,0.35452
250,0.53619,0.32801,0.75526,0.40086,0.7018,0.39695
250,1.3172,0.339,1.8803,0.39876,1.6218,0.37339
250,0.41256,0.34031,0.58565,0.41542,0.53004,0.33036
250,0.31575,0.31871,0.44054,0.39731,0.37345,0.39013
